{"initial_reset_timestamp": 1694791440.3434856, "timestamps": [1694791443.902108, 1694791447.478921, 1694791448.6934133, 1694791449.8820512, 1694791451.073961], "episode_lengths": [820, 820, 820, 820, 820], "episode_rewards": [1036.8000000000043, 1036.8000000000043, 1036.8000000000043, 1036.8000000000043, 1036.8000000000043], "episode_types": ["t", "t", "t", "t", "t"]}