{"initial_reset_timestamp": 1694708444.271039, "timestamps": [1694708446.3994422, 1694708448.3855999, 1694708449.15597, 1694708449.8407142, 1694708450.597249], "episode_lengths": [493, 493, 493, 447, 493], "episode_rewards": [1040.0700000000038, 1040.0700000000038, 1040.0700000000038, 1040.5300000000034, 1040.0700000000038], "episode_types": ["t", "t", "t", "t", "t"]}