{"initial_reset_timestamp": 1694710533.9647357, "timestamps": [1694710537.1683779, 1694710544.6761253, 1694710546.997691, 1694710548.6261353, 1694710550.2393727], "episode_lengths": [745, 1869, 1530, 1100, 1088], "episode_rewards": [1037.5500000000022, 1026.3100000000022, 1029.700000000002, 1034.0000000000023, 1034.1200000000022], "episode_types": ["t", "t", "t", "t", "t"]}