{"initial_reset_timestamp": 1694791244.31419, "timestamps": [1694791248.6988964, 1694791257.9691057, 1694791262.0159218, 1694791266.0673983, 1694791269.9620886], "episode_lengths": [1010, 2069, 2701, 2701, 2701], "episode_rewards": [1034.9000000000021, 1024.3100000000022, -27.010000000001423, -22.010000000000588, -22.010000000000534], "episode_types": ["t", "t", "t", "t", "t"]}