{"initial_reset_timestamp": 1694791949.3750412, "timestamps": [1694791952.1972847, 1694791954.903351, 1694791955.7298777, 1694791956.5271316, 1694791957.3325224], "episode_lengths": [539, 539, 539, 539, 539], "episode_rewards": [1074.6100000000024, 1074.6100000000024, 1074.6100000000024, 1074.6100000000024, 1074.6100000000024], "episode_types": ["t", "t", "t", "t", "t"]}