{"initial_reset_timestamp": 1694792457.3006864, "timestamps": [1694792460.411806, 1694792463.3848326, 1694792464.3205547, 1694792465.3149958, 1694792466.2681477], "episode_lengths": [604, 605, 604, 651, 604], "episode_rewards": [1073.9600000000041, 1073.9500000000041, 1073.9600000000041, 1073.4900000000046, 1073.9600000000041], "episode_types": ["t", "t", "t", "t", "t"]}