{"initial_reset_timestamp": 1694708592.012435, "timestamps": [1694708597.8785956, 1694708601.4570882, 1694708605.7439592, 1694708610.182515, 1694708613.282218], "episode_lengths": [1188, 731, 2795, 2894, 2027], "episode_rewards": [1068.1200000000094, 1072.6900000000053, 1052.050000000024, 1051.060000000025, 1059.7300000000168], "episode_types": ["t", "t", "t", "t", "t"]}