{"initial_reset_timestamp": 1694708229.2274127, "timestamps": [1694708230.7909122, 1694708232.2368734, 1694708232.7945538, 1694708233.3230152, 1694708233.842911], "episode_lengths": [351, 352, 352, 351, 352], "episode_rewards": [1041.490000000002, 1041.4800000000023, 1041.4800000000023, 1041.490000000002, 1041.4800000000023], "episode_types": ["t", "t", "t", "t", "t"]}