{"initial_reset_timestamp": 1694707967.7504325, "timestamps": [1694707975.2188551, 1694707978.7325108, 1694707981.9313486, 1694707983.6634068, 1694707986.122752], "episode_lengths": [1803, 815, 2143, 1178, 1657], "episode_rewards": [1026.9700000000025, 1036.8500000000022, 1023.5700000000026, 1033.220000000002, 1028.4300000000023], "episode_types": ["t", "t", "t", "t", "t"]}