{"initial_reset_timestamp": 1694708089.6502602, "timestamps": [1694708094.6068773, 1694708099.4704235, 1694708101.3561265, 1694708103.2230253, 1694708105.092256], "episode_lengths": [1220, 1220, 1220, 1220, 1220], "episode_rewards": [1032.8000000000025, 1032.8000000000025, 1032.8000000000025, 1032.8000000000025, 1032.8000000000025], "episode_types": ["t", "t", "t", "t", "t"]}