{"initial_reset_timestamp": 1694791442.0556989, "timestamps": [1694791445.409016, 1694791448.556962, 1694791449.4981797, 1694791450.4137385, 1694791451.3331795], "episode_lengths": [607, 609, 608, 610, 609], "episode_rewards": [1073.9300000000042, 1073.9100000000042, 1073.9200000000042, 1073.9000000000042, 1073.9100000000042], "episode_types": ["t", "t", "t", "t", "t"]}