{"initial_reset_timestamp": 1694791395.539863, "timestamps": [1694791397.0029254, 1694791398.382165, 1694791398.8373806, 1694791399.2756078, 1694791399.7125583], "episode_lengths": [297, 297, 297, 297, 297], "episode_rewards": [1042.030000000002, 1042.030000000002, 1042.030000000002, 1042.030000000002, 1042.030000000002], "episode_types": ["t", "t", "t", "t", "t"]}