{"initial_reset_timestamp": 1694791247.2175853, "timestamps": [1694791251.8154027, 1694791260.9409058, 1694791264.8931777, 1694791268.8839555, 1694791272.8435338], "episode_lengths": [1010, 2069, 2701, 2701, 2701], "episode_rewards": [1034.9000000000021, 1024.3100000000022, -27.010000000001423, -22.010000000000588, -22.010000000000534], "episode_types": ["t", "t", "t", "t", "t"]}