{"initial_reset_timestamp": 1694708843.8354263, "timestamps": [1694708847.1495473, 1694708850.3474221, 1694708851.391621, 1694708852.4217129, 1694708853.4318454], "episode_lengths": [655, 655, 655, 655, 655], "episode_rewards": [313.4500000000024, 313.4500000000024, 313.4500000000024, 313.4500000000024, 313.4500000000024], "episode_types": ["t", "t", "t", "t", "t"]}