{"initial_reset_timestamp": 1694710657.537614, "timestamps": [1694710662.7193263, 1694710667.8087072, 1694710669.7643807, 1694710671.7056553, 1694710672.9580798], "episode_lengths": [1276, 1276, 1276, 1276, 837], "episode_rewards": [698.9066666666679, 698.9066666666679, 698.9066666666679, 698.9066666666679, 21.629999999999786], "episode_types": ["t", "t", "t", "t", "t"]}