{"initial_reset_timestamp": 1694793556.9402413, "timestamps": [1694793560.754677, 1694793564.4441237, 1694793565.6439722, 1694793566.8334002, 1694793568.0093489], "episode_lengths": [753, 753, 753, 753, 753], "episode_rewards": [1072.4700000000034, 1072.4700000000034, 1072.4700000000034, 1072.4700000000034, 1072.4700000000034], "episode_types": ["t", "t", "t", "t", "t"]}